-- phpMyAdmin SQL Dump
-- version 5.2.1
-- https://www.phpmyadmin.net/
--
-- Хост: std-mysql
-- Время создания: Апр 29 2024 г., 18:14
-- Версия сервера: 5.7.26-0ubuntu0.16.04.1
-- Версия PHP: 8.1.15

SET SQL_MODE = "NO_AUTO_VALUE_ON_ZERO";
START TRANSACTION;
SET time_zone = "+00:00";


/*!40101 SET @OLD_CHARACTER_SET_CLIENT=@@CHARACTER_SET_CLIENT */;
/*!40101 SET @OLD_CHARACTER_SET_RESULTS=@@CHARACTER_SET_RESULTS */;
/*!40101 SET @OLD_COLLATION_CONNECTION=@@COLLATION_CONNECTION */;
/*!40101 SET NAMES utf8mb4 */;

--
-- База данных: `std_2373_lab4`
--

-- --------------------------------------------------------

--
-- Структура таблицы `roles`
--

CREATE TABLE `roles` (
  `id` int(11) NOT NULL,
  `role_name` varchar(100) NOT NULL,
  `description` text
) ENGINE=InnoDB DEFAULT CHARSET=utf8;

--
-- Дамп данных таблицы `roles`
--

INSERT INTO `roles` (`id`, `role_name`, `description`) VALUES
(1, 'Админ', NULL),
(2, 'Пользователь', NULL),
(4, 'Нет', NULL);

-- --------------------------------------------------------

--
-- Структура таблицы `users`
--

CREATE TABLE `users` (
  `id` int(11) NOT NULL,
  `login` varchar(100) NOT NULL,
  `password_hash` varchar(256) NOT NULL,
  `first_name` varchar(100) NOT NULL,
  `last_name` varchar(100) DEFAULT NULL,
  `patronymic` varchar(100) DEFAULT NULL,
  `role_id` int(11) DEFAULT NULL,
  `created` timestamp NOT NULL DEFAULT CURRENT_TIMESTAMP
) ENGINE=InnoDB DEFAULT CHARSET=utf8;

--
-- Дамп данных таблицы `users`
--

INSERT INTO `users` (`id`, `login`, `password_hash`, `first_name`, `last_name`, `patronymic`, `role_id`, `created`) VALUES
(1, 'admin', '8c6976e5b5410415bde908bd4dee15dfb167a9c873fc4bb8a81f6f2ab448a918', 'Vanin', 'Ivan', 'Igorevich', 1, '2024-04-08 08:16:07'),
(5, 'qweqwe', '7a9a93a93e4f3824b7be8f9acd43894f76b2776e4c33bbb5eb1cf1ba4beaaf01', 'qwe', 'qwe', '', 2, '2024-04-28 18:04:52'),
(6, 'asdasd', '5c3c0d931d31a694bb4fdc39fc2ec15bb4875f3daba89c3018fe5f5ca96b7d37', 'asd', 'asd', '', 4, '2024-04-29 10:09:45');

-- --------------------------------------------------------

--
-- Структура таблицы `visit_logs`
--

CREATE TABLE `visit_logs` (
  `id` int(11) NOT NULL,
  `path` varchar(255) NOT NULL,
  `user_id` int(11) DEFAULT NULL,
  `created_at` timestamp NOT NULL DEFAULT CURRENT_TIMESTAMP
) ENGINE=InnoDB DEFAULT CHARSET=utf8;

--
-- Дамп данных таблицы `visit_logs`
--

INSERT INTO `visit_logs` (`id`, `path`, `user_id`, `created_at`) VALUES
(1, '/logs', 1, '2024-04-29 10:28:41'),
(2, '/auth/logout', 1, '2024-04-29 10:28:52'),
(3, '/', NULL, '2024-04-29 10:28:53'),
(4, '/logs', NULL, '2024-04-29 10:29:15'),
(5, '/', NULL, '2024-04-29 10:29:15'),
(6, '/auth/login', NULL, '2024-04-29 10:31:23'),
(7, '/auth/login', NULL, '2024-04-29 10:31:29'),
(8, '/', 1, '2024-04-29 10:31:29'),
(9, '/', 1, '2024-04-29 10:37:49'),
(10, '/', 1, '2024-04-29 10:38:08'),
(11, '/logs/logs', 1, '2024-04-29 10:38:11'),
(12, '/logs/logs', 1, '2024-04-29 10:38:38'),
(13, '/createUser', 1, '2024-04-29 10:38:41'),
(14, '/logs/logs', 1, '2024-04-29 10:38:42'),
(15, '/logs/logs', 1, '2024-04-29 10:48:42'),
(16, '/logs/logs', 1, '2024-04-29 10:50:20'),
(17, '/logs/logs', 1, '2024-04-29 11:15:19'),
(18, '/logs/logs', 1, '2024-04-29 11:15:31'),
(19, '/logs/logs', 1, '2024-04-29 11:16:05'),
(20, '/logs/logs', 1, '2024-04-29 11:16:17'),
(21, '/logs/logs', 1, '2024-04-29 11:16:38'),
(22, '/logs/logs', 1, '2024-04-29 11:17:12'),
(23, '/logs/logs', 1, '2024-04-29 11:17:39'),
(24, '/logs/logs', 1, '2024-04-29 11:19:02'),
(25, '/logs/logs', 1, '2024-04-29 11:19:12'),
(26, '/logs/logs', 1, '2024-04-29 11:19:19'),
(27, '/logs/logs', 1, '2024-04-29 11:19:19'),
(28, '/logs/logs', 1, '2024-04-29 11:19:20'),
(29, '/logs/logs', 1, '2024-04-29 11:19:20'),
(30, '/logs/logs', 1, '2024-04-29 11:19:20'),
(31, '/logs/logs', 1, '2024-04-29 11:27:28'),
(32, '/logs/logs', 1, '2024-04-29 11:27:52'),
(33, '/createUser', 1, '2024-04-29 11:27:56'),
(34, '/logs/logs', 1, '2024-04-29 11:27:57'),
(35, '/', 1, '2024-04-29 11:28:38'),
(36, '/logs/logs', 1, '2024-04-29 11:28:49'),
(37, '/logs/logs', 1, '2024-04-29 11:29:10'),
(38, '/logs/logs', 1, '2024-04-29 11:31:12'),
(39, '/logs/logs', 1, '2024-04-29 11:31:28'),
(40, '/logs/logs', 1, '2024-04-29 11:31:32'),
(41, '/logs/logs', 1, '2024-04-29 11:31:36'),
(42, '/', 1, '2024-04-29 11:31:41'),
(43, '/logs/logs', 1, '2024-04-29 11:31:43'),
(44, '/logs/logs', 1, '2024-04-29 14:30:43'),
(45, '/logs/logs', 1, '2024-04-29 14:31:13'),
(46, '/logs/logs', 1, '2024-04-29 14:31:39'),
(47, '/logs/logs', 1, '2024-04-29 14:31:47'),
(48, '/logs/logs', 1, '2024-04-29 14:31:51'),
(49, '/', 1, '2024-04-29 14:31:56'),
(50, '/logs/logs', 1, '2024-04-29 14:31:57'),
(51, '/logs/logs', 1, '2024-04-29 14:32:19'),
(52, '/', 1, '2024-04-29 14:32:23'),
(53, '/logs/logs', 1, '2024-04-29 14:32:24'),
(54, '/createUser', 1, '2024-04-29 14:32:25'),
(55, '/logs/logs', 1, '2024-04-29 14:32:26'),
(56, '/logs/logs', 1, '2024-04-29 14:32:44'),
(57, '/logs/logs', 1, '2024-04-29 14:32:57'),
(58, '/createUser', 1, '2024-04-29 14:32:58'),
(59, '/changePassword', 1, '2024-04-29 14:32:58'),
(60, '/logs/logs', 1, '2024-04-29 14:32:59'),
(61, '/logs/logs', 1, '2024-04-29 14:33:39'),
(62, '/logs/logs', 1, '2024-04-29 14:33:54'),
(63, '/logs/logs', 1, '2024-04-29 14:36:07'),
(64, '/logs/logs', 1, '2024-04-29 14:36:11'),
(65, '/', 1, '2024-04-29 14:36:13'),
(66, '/', 1, '2024-04-29 14:36:33'),
(67, '/logs/logs', 1, '2024-04-29 14:36:34'),
(68, '/logs/logs', 1, '2024-04-29 14:37:27'),
(69, '/logs/logs', 1, '2024-04-29 14:37:34'),
(70, '/logs/logs', 1, '2024-04-29 14:37:51'),
(71, '/logs/logs', 1, '2024-04-29 14:38:01'),
(72, '/logs/logs', 1, '2024-04-29 14:38:43'),
(73, '/logs/logs', 1, '2024-04-29 14:38:54'),
(74, '/logs/logs', 1, '2024-04-29 14:39:17'),
(75, '/logs/logs', 1, '2024-04-29 14:39:20'),
(76, '/logs/logs', 1, '2024-04-29 14:39:24'),
(77, '/logs/logs', 1, '2024-04-29 14:39:44'),
(78, '/logs/logs', 1, '2024-04-29 14:40:10'),
(79, '/logs/logs', 1, '2024-04-29 14:40:19'),
(80, '/logs/logs', 1, '2024-04-29 14:40:44'),
(81, '/logs/logs', 1, '2024-04-29 14:41:28'),
(82, '/logs/logs', 1, '2024-04-29 14:41:41'),
(83, '/logs/logs', 1, '2024-04-29 14:41:45'),
(84, '/logs/logs', 1, '2024-04-29 14:42:50'),
(85, '/logs/logs', 1, '2024-04-29 14:43:02'),
(86, '/logs/logs', 1, '2024-04-29 14:43:09'),
(87, '/logs/logs', 1, '2024-04-29 14:43:15'),
(88, '/logs/logs', 1, '2024-04-29 14:43:19'),
(89, '/logs/logs', 1, '2024-04-29 14:44:37'),
(90, '/logs/logs', 1, '2024-04-29 14:45:58'),
(91, '/logs/logs', 1, '2024-04-29 14:46:20'),
(93, '/logs/logs', 1, '2024-04-29 14:46:31'),
(95, '/logs/logs', 1, '2024-04-29 14:46:52'),
(96, '/logs/logs', 1, '2024-04-29 14:47:12'),
(97, '/logs/logs', 1, '2024-04-29 14:47:13'),
(98, '/logs/logs', 1, '2024-04-29 14:47:15'),
(99, '/logs/logs', 1, '2024-04-29 14:47:16'),
(100, '/logs/logs', 1, '2024-04-29 14:47:17'),
(101, '/logs/logs', 1, '2024-04-29 14:47:18'),
(102, '/logs/logs', 1, '2024-04-29 14:47:19'),
(103, '/logs/logs', 1, '2024-04-29 14:47:20'),
(104, '/logs/logs', 1, '2024-04-29 14:47:21'),
(105, '/logs/logs', 1, '2024-04-29 14:47:27'),
(106, '/logs/logs', 1, '2024-04-29 14:47:29'),
(107, '/logs/logs', 1, '2024-04-29 14:47:31'),
(108, '/logs/logs', 1, '2024-04-29 14:47:38'),
(109, '/logs/logs', 1, '2024-04-29 14:47:49'),
(110, '/logs/logs', 1, '2024-04-29 14:47:50'),
(111, '/logs/logs', 1, '2024-04-29 14:47:52'),
(112, '/logs/logs', 1, '2024-04-29 14:48:53'),
(113, '/logs/logs', 1, '2024-04-29 14:49:01'),
(114, '/logs/logs', 1, '2024-04-29 14:49:04'),
(115, '/logs/8', 1, '2024-04-29 14:49:05'),
(116, '/logs/8', 1, '2024-04-29 14:49:23'),
(117, '/logs', 1, '2024-04-29 14:49:26'),
(118, '/', 1, '2024-04-29 14:49:29'),
(119, '/logs/logs', 1, '2024-04-29 14:49:31'),
(120, '/logs/logs', 1, '2024-04-29 14:49:32'),
(121, '/logs/logs', 1, '2024-04-29 14:49:33'),
(122, '/logs/logs', 1, '2024-04-29 14:49:34'),
(123, '/logs/logs', 1, '2024-04-29 14:49:35'),
(124, '/logs/logs', 1, '2024-04-29 14:49:38'),
(125, '/logs/logs', 1, '2024-04-29 14:49:39'),
(126, '/logs/logs', 1, '2024-04-29 14:49:58'),
(127, '/logs/logs', 1, '2024-04-29 14:50:01'),
(128, '/logs/logs', 1, '2024-04-29 14:50:02'),
(129, '/logs/logs', 1, '2024-04-29 14:51:45'),
(130, '/logs/logs', 1, '2024-04-29 14:52:41'),
(131, '/logs/logs', 1, '2024-04-29 14:53:16'),
(132, '/logs/logs', 1, '2024-04-29 14:53:19'),
(133, '/logs/logs', 1, '2024-04-29 14:53:28'),
(134, '/logs/logs', 1, '2024-04-29 14:53:32'),
(135, '/logs/logs', 1, '2024-04-29 14:53:33'),
(136, '/logs/logs', 1, '2024-04-29 14:53:34'),
(137, '/logs/logs', 1, '2024-04-29 14:53:38'),
(138, '/logs/logs', 1, '2024-04-29 14:53:43'),
(139, '/logs/logs', 1, '2024-04-29 14:53:44'),
(140, '/logs/logs', 1, '2024-04-29 14:53:45'),
(141, '/logs/logs', 1, '2024-04-29 14:54:23'),
(142, '/logs/logs', 1, '2024-04-29 14:54:25'),
(143, '/logs/logs', 1, '2024-04-29 14:54:26'),
(144, '/logs/logs', 1, '2024-04-29 14:54:27'),
(145, '/logs/logs', 1, '2024-04-29 14:54:27'),
(146, '/logs/logs', 1, '2024-04-29 14:54:28'),
(147, '/logs/logs', 1, '2024-04-29 14:54:29'),
(148, '/logs/logs', 1, '2024-04-29 14:54:30'),
(149, '/logs/logs', 1, '2024-04-29 14:54:31'),
(150, '/logs/logs', 1, '2024-04-29 14:54:32'),
(151, '/logs/logs', 1, '2024-04-29 14:54:33'),
(152, '/logs/logs', 1, '2024-04-29 14:54:34'),
(153, '/logs/logs', 1, '2024-04-29 14:54:35'),
(154, '/logs/logs', 1, '2024-04-29 14:54:35'),
(155, '/logs/logs', 1, '2024-04-29 14:54:37'),
(156, '/logs/logs', 1, '2024-04-29 14:54:38'),
(157, '/logs/logs', 1, '2024-04-29 14:54:39'),
(158, '/logs/logs', 1, '2024-04-29 14:54:41'),
(159, '/logs/logs', 1, '2024-04-29 14:54:42'),
(160, '/logs/logs', 1, '2024-04-29 14:56:12'),
(161, '/logs/logs', 1, '2024-04-29 14:56:19'),
(162, '/logs/logs', 1, '2024-04-29 14:56:24'),
(163, '/logs/logs', 1, '2024-04-29 14:56:29'),
(164, '/logs/logs', 1, '2024-04-29 14:56:58'),
(165, '/logs/logs', 1, '2024-04-29 14:57:19'),
(166, '/logs/logs', 1, '2024-04-29 14:57:32'),
(167, '/logs/logs', 1, '2024-04-29 14:58:20'),
(168, '/logs/logs', 1, '2024-04-29 14:58:41'),
(169, '/logs/logs', 1, '2024-04-29 14:59:52'),
(170, '/logs/logs', 1, '2024-04-29 14:59:53'),
(171, '/logs/logs', 1, '2024-04-29 15:00:02'),
(172, '/logs/logs', 1, '2024-04-29 15:01:10'),
(173, '/logs/logs', 1, '2024-04-29 15:01:49'),
(174, '/createUser', 1, '2024-04-29 15:01:51'),
(175, '/logs/logs', 1, '2024-04-29 15:01:52'),
(176, '/logs/logs', 1, '2024-04-29 15:01:53'),
(177, '/logs/logs', 1, '2024-04-29 15:02:41'),
(178, '/logs/logs', 1, '2024-04-29 15:02:51'),
(179, '/logs/logs', 1, '2024-04-29 15:02:53'),
(180, '/logs/logs', 1, '2024-04-29 15:02:55'),
(181, '/logs/logs', 1, '2024-04-29 15:02:57'),
(182, '/logs/logs', 1, '2024-04-29 15:03:30'),
(183, '/logs/logs', 1, '2024-04-29 15:03:36'),
(184, '/logs/logs', 1, '2024-04-29 15:03:47'),
(185, '/logs/logs', 1, '2024-04-29 15:03:54'),
(186, '/logs/logs', 1, '2024-04-29 15:04:09'),
(187, '/logs/logs', 1, '2024-04-29 15:04:11'),
(188, '/logs/logs', 1, '2024-04-29 15:04:13'),
(189, '/logs/logs', 1, '2024-04-29 15:05:24'),
(190, '/logs/logs', 1, '2024-04-29 15:05:43'),
(191, '/logs/logs', 1, '2024-04-29 15:05:47'),
(192, '/logs/logs', 1, '2024-04-29 15:06:10'),
(193, '/logs/logs', 1, '2024-04-29 15:07:14'),
(194, '/logs/logs', 1, '2024-04-29 15:07:16'),
(195, '/logs/logs', 1, '2024-04-29 15:07:17'),
(196, '/logs/logs', 1, '2024-04-29 15:07:18'),
(197, '/logs/logs', 1, '2024-04-29 15:07:22'),
(198, '/logs/logs', 1, '2024-04-29 15:14:49'),
(199, '/logs/logs', 1, '2024-04-29 15:15:04'),
(200, '/logs/logs', 1, '2024-04-29 15:15:14'),
(201, '/logs/logs', 1, '2024-04-29 15:16:07'),
(202, '/logs/logs', 1, '2024-04-29 15:16:43'),
(203, '/logs/logs', 1, '2024-04-29 15:17:03'),
(204, '/logs/logs', 1, '2024-04-29 15:17:41'),
(205, '/logs/logs', 1, '2024-04-29 15:18:41'),
(206, '/logs/logs', 1, '2024-04-29 15:19:10'),
(207, '/logs/logs', 1, '2024-04-29 15:20:08'),
(208, '/logs/logs', 1, '2024-04-29 15:20:11'),
(209, '/logs/logs', 1, '2024-04-29 15:23:16'),
(210, '/logs/logs', 1, '2024-04-29 15:24:07'),
(211, '/logs/logs', 1, '2024-04-29 15:25:12'),
(212, '/logs/logs', 1, '2024-04-29 15:25:48'),
(213, '/logs/logs', 1, '2024-04-29 15:25:50'),
(214, '/logs/logs', 1, '2024-04-29 15:25:51'),
(215, '/logs/logs', 1, '2024-04-29 15:25:53'),
(216, '/createUser', 1, '2024-04-29 15:25:54'),
(217, '/', 1, '2024-04-29 15:25:55'),
(218, '/logs/logs', 1, '2024-04-29 15:25:57'),
(219, '/logs/logs', 1, '2024-04-29 15:26:37'),
(220, '/logs/logs', 1, '2024-04-29 15:26:40'),
(221, '/logs/logs', 1, '2024-04-29 15:26:41'),
(222, '/logs/logs', 1, '2024-04-29 15:26:48'),
(223, '/logs/logs', 1, '2024-04-29 15:26:59'),
(224, '/logs/logs', 1, '2024-04-29 15:27:00'),
(225, '/logs/logs', 1, '2024-04-29 15:27:00'),
(226, '/logs/logs', 1, '2024-04-29 15:27:00'),
(227, '/logs/logs', 1, '2024-04-29 15:27:00'),
(228, '/logs/logs', 1, '2024-04-29 15:27:00'),
(229, '/logs/logs', 1, '2024-04-29 15:27:00'),
(230, '/logs/logs', 1, '2024-04-29 15:27:00'),
(231, '/logs/logs', 1, '2024-04-29 15:27:00'),
(232, '/logs/logs', 1, '2024-04-29 15:27:00'),
(233, '/logs/logs', 1, '2024-04-29 15:27:00'),
(234, '/logs/logs', 1, '2024-04-29 15:27:00'),
(235, '/logs/logs', 1, '2024-04-29 15:27:00'),
(236, '/logs/logs', 1, '2024-04-29 15:27:00'),
(237, '/logs/logs', 1, '2024-04-29 15:27:00'),
(238, '/logs/logs', 1, '2024-04-29 15:27:00'),
(239, '/logs/logs', 1, '2024-04-29 15:27:00'),
(240, '/logs/logs', 1, '2024-04-29 15:27:00'),
(241, '/logs/logs', 1, '2024-04-29 15:27:00'),
(242, '/logs/logs', 1, '2024-04-29 15:27:00'),
(243, '/logs/logs', 1, '2024-04-29 15:27:00'),
(244, '/logs/logs', 1, '2024-04-29 15:27:00'),
(245, '/logs/logs', 1, '2024-04-29 15:27:00'),
(246, '/logs/logs', 1, '2024-04-29 15:27:00'),
(247, '/logs/logs', 1, '2024-04-29 15:27:00'),
(248, '/logs/logs', 1, '2024-04-29 15:27:01'),
(249, '/logs/logs', 1, '2024-04-29 15:27:01'),
(250, '/logs/logs', 1, '2024-04-29 15:27:01'),
(251, '/logs/logs', 1, '2024-04-29 15:27:01'),
(252, '/logs/logs', 1, '2024-04-29 15:27:01'),
(253, '/logs/logs', 1, '2024-04-29 15:27:01'),
(254, '/logs/logs', 1, '2024-04-29 15:27:01'),
(255, '/logs/logs', 1, '2024-04-29 15:27:01'),
(256, '/logs/logs', 1, '2024-04-29 15:27:01'),
(257, '/logs/logs', 1, '2024-04-29 15:27:01'),
(258, '/logs/logs', 1, '2024-04-29 15:27:01'),
(259, '/logs/logs', 1, '2024-04-29 15:27:01'),
(260, '/logs/logs', 1, '2024-04-29 15:27:01'),
(261, '/logs/logs', 1, '2024-04-29 15:27:01'),
(262, '/logs/logs', 1, '2024-04-29 15:27:01'),
(263, '/logs/logs', 1, '2024-04-29 15:27:01'),
(264, '/logs/logs', 1, '2024-04-29 15:28:59'),
(265, '/logs/logs', 1, '2024-04-29 15:29:22'),
(266, '/logs/logs', 1, '2024-04-29 15:31:26'),
(267, '/logs/logs', 1, '2024-04-29 15:31:46'),
(268, '/logs/logs', 1, '2024-04-29 15:31:48'),
(269, '/logs/logs', 1, '2024-04-29 15:31:49'),
(270, '/logs/logs', 1, '2024-04-29 15:32:31'),
(271, '/', 1, '2024-04-29 15:32:35'),
(272, '/logs/visitLogs', 1, '2024-04-29 15:32:37'),
(273, '/logs/pageLogs', 1, '2024-04-29 15:32:39'),
(274, '/logs/pageLogs', 1, '2024-04-29 15:32:58'),
(275, '/logs/pageLogs', 1, '2024-04-29 15:33:39'),
(276, '/logs/userLogs', 1, '2024-04-29 15:34:28'),
(277, '/logs/visitLogs', 1, '2024-04-29 15:34:50'),
(278, '/logs/pageLogs', 1, '2024-04-29 15:35:57'),
(279, '/logs/', 1, '2024-04-29 15:37:04'),
(280, '/', 1, '2024-04-29 15:37:07'),
(281, '/logs/visitLogs', 1, '2024-04-29 15:37:11'),
(282, '/logs/pageLogs', 1, '2024-04-29 15:37:13'),
(283, '/logs/pageLogs', 1, '2024-04-29 15:37:32'),
(284, '/logs/visitLogs', 1, '2024-04-29 15:37:34'),
(285, '/logs/userLogs', 1, '2024-04-29 15:37:35'),
(286, '/logs/pageLogs', 1, '2024-04-29 15:37:35'),
(287, '/logs/visitLogs', 1, '2024-04-29 15:37:36'),
(288, '/logs/pageLogs', 1, '2024-04-29 15:37:38'),
(289, '/logs/pageLogs', 1, '2024-04-29 15:37:47'),
(290, '/logs/userLogs', 1, '2024-04-29 15:37:49'),
(291, '/logs/pageLogs', 1, '2024-04-29 15:37:49'),
(292, '/logs/visitLogs', 1, '2024-04-29 15:37:50'),
(293, '/logs/pageLogs', 1, '2024-04-29 15:37:52'),
(294, '/logs/visitLogs', 1, '2024-04-29 15:37:53'),
(295, '/logs/pageLogs', 1, '2024-04-29 15:37:54'),
(296, '/logs/pageLogs', 1, '2024-04-29 15:38:23'),
(297, '/logs/visitLogs', 1, '2024-04-29 15:38:26'),
(298, '/logs/pageLogs', 1, '2024-04-29 15:38:27'),
(299, '/logs/pageLogs', 1, '2024-04-29 15:38:50'),
(300, '/logs/visitLogs', 1, '2024-04-29 15:38:51'),
(301, '/logs/pageLogs', 1, '2024-04-29 15:38:51'),
(302, '/logs/userLogs', 1, '2024-04-29 15:38:52'),
(303, '/logs/pageLogs', 1, '2024-04-29 15:38:53'),
(304, '/logs/pageLogs', 1, '2024-04-29 15:39:37'),
(305, '/logs/pageLogs', 1, '2024-04-29 15:40:43'),
(306, '/logs/visitLogs', 1, '2024-04-29 15:40:44'),
(307, '/logs/pageLogs', 1, '2024-04-29 15:40:45'),
(308, '/logs/userLogs', 1, '2024-04-29 15:40:46'),
(309, '/logs/visitLogs', 1, '2024-04-29 15:41:31'),
(310, '/logs/pageLogs', 1, '2024-04-29 15:41:36'),
(311, '/logs/userLogs', 1, '2024-04-29 15:41:37'),
(312, '/logs/pageLogs', 1, '2024-04-29 15:41:39'),
(313, '/logs/visitLogs', 1, '2024-04-29 15:41:40'),
(314, '/logs/userLogs', 1, '2024-04-29 15:41:46'),
(315, '/logs/pageLogs', 1, '2024-04-29 15:42:10'),
(316, '/logs/visitLogs', 1, '2024-04-29 15:42:11'),
(317, '/logs/pageLogs', 1, '2024-04-29 15:42:11'),
(318, '/logs/visitLogs', 1, '2024-04-29 15:42:12'),
(319, '/logs/pageLogs', 1, '2024-04-29 15:42:13'),
(320, '/logs/pageLogs', 1, '2024-04-29 15:42:41'),
(321, '/logs/visitLogs', 1, '2024-04-29 15:42:43'),
(322, '/logs/pageLogs', 1, '2024-04-29 15:42:47'),
(323, '/logs/userLogs', 1, '2024-04-29 15:42:52'),
(324, '/logs/visitLogs', 1, '2024-04-29 15:42:55'),
(325, '/logs/visitLogs', 1, '2024-04-29 15:43:41'),
(326, '/logs/visitLogs', 1, '2024-04-29 15:43:44'),
(327, '/logs/visitLogs', 1, '2024-04-29 15:43:47'),
(328, '/logs/visitLogs', 1, '2024-04-29 15:43:48'),
(329, '/logs/visitLogs', 1, '2024-04-29 15:43:50'),
(330, '/logs/pageLogs', 1, '2024-04-29 15:44:14'),
(331, '/logs/visitLogs', 1, '2024-04-29 15:44:15'),
(332, '/logs/visitLogs', 1, '2024-04-29 15:44:27'),
(333, '/logs/visitLogs', 1, '2024-04-29 15:44:30'),
(334, '/logs/visitLogs', 1, '2024-04-29 15:45:26'),
(335, '/logs/visitLogs', 1, '2024-04-29 15:45:28'),
(336, '/logs/visitLogs', 1, '2024-04-29 15:45:30'),
(337, '/logs/visitLogs', 1, '2024-04-29 15:45:33'),
(338, '/logs/pageLogs', 1, '2024-04-29 16:09:02'),
(339, '/logs/userLogs', 1, '2024-04-29 16:09:04'),
(340, '/logs/visitLogs', 1, '2024-04-29 16:09:05'),
(341, '/logs/pageLogs', 1, '2024-04-29 16:09:24'),
(342, '/logs/userLogs', 1, '2024-04-29 16:09:25'),
(343, '/logs/pageLogs', 1, '2024-04-29 16:09:27'),
(344, '/logs/visitLogs', 1, '2024-04-29 16:09:28'),
(345, '/logs/userLogs', 1, '2024-04-29 16:09:39'),
(346, '/logs/visitLogs', 1, '2024-04-29 16:09:41'),
(347, '/logs/pageLogs', 1, '2024-04-29 16:10:14'),
(348, '/logs/visitLogs', 1, '2024-04-29 16:12:24'),
(349, '/', 1, '2024-04-29 16:12:30'),
(350, '/logs/visitLogs', 1, '2024-04-29 16:12:31'),
(351, '/logs/visitLogs', 1, '2024-04-29 16:12:46'),
(352, '/logs/pageLogs', 1, '2024-04-29 16:12:51'),
(353, '/logs/pageLogs', 1, '2024-04-29 16:13:35'),
(354, '/logs/userLogs', 1, '2024-04-29 16:13:38'),
(355, '/logs/pageLogs', 1, '2024-04-29 16:13:39'),
(356, '/logs/visitLogs', 1, '2024-04-29 16:13:40'),
(357, '/createUser', 1, '2024-04-29 16:13:41'),
(358, '/changePassword', 1, '2024-04-29 16:13:41'),
(359, '/logs/visitLogs', 1, '2024-04-29 16:13:44'),
(360, '/', 1, '2024-04-29 16:13:44'),
(361, '/showUser/1', 1, '2024-04-29 16:13:45'),
(362, '/', 1, '2024-04-29 16:13:46'),
(363, '/showUser/5', 1, '2024-04-29 16:13:47'),
(364, '/', 1, '2024-04-29 16:13:48'),
(365, '/showUser/6', 1, '2024-04-29 16:13:48'),
(366, '/', 1, '2024-04-29 16:13:49'),
(367, '/editUser/1', 1, '2024-04-29 16:13:49'),
(368, '/', 1, '2024-04-29 16:13:50'),
(369, '/editUser/5', 1, '2024-04-29 16:13:51'),
(370, '/', 1, '2024-04-29 16:13:51'),
(371, '/editUser/6', 1, '2024-04-29 16:13:52'),
(372, '/', 1, '2024-04-29 16:13:53'),
(373, '/createUser', 1, '2024-04-29 16:13:54'),
(374, '/logs/visitLogs', 1, '2024-04-29 16:13:54'),
(375, '/logs/pageLogs', 1, '2024-04-29 16:13:56'),
(376, '/logs/visitLogs', 1, '2024-04-29 16:13:58'),
(377, '/logs/pageLogs', 1, '2024-04-29 16:14:00'),
(378, '/logs/visitLogs', 1, '2024-04-29 16:14:01'),
(379, '/logs/visitLogs', 1, '2024-04-29 16:15:26'),
(380, '/logs/visitLogs', 1, '2024-04-29 16:15:52'),
(381, '/logs/visitLogs', 1, '2024-04-29 16:15:55'),
(382, '/logs/visitLogs', 1, '2024-04-29 16:15:56'),
(383, '/logs/pageLogs', 1, '2024-04-29 16:15:57'),
(384, '/logs/pageLogs', 1, '2024-04-29 16:15:58'),
(385, '/logs/pageLogs', 1, '2024-04-29 16:16:01'),
(386, '/logs/pageLogs', 1, '2024-04-29 16:16:04'),
(387, '/logs/userLogs', 1, '2024-04-29 16:16:07'),
(388, '/logs/userLogs', 1, '2024-04-29 16:17:12'),
(389, '/', 1, '2024-04-29 16:17:21'),
(390, '/logs/visitLogs', 1, '2024-04-29 16:17:22'),
(391, '/logs/pageLogs', 1, '2024-04-29 16:17:24'),
(392, '/logs/userLogs', 1, '2024-04-29 16:17:25'),
(393, '/logs/userLogs', 1, '2024-04-29 16:17:48'),
(394, '/logs/userLogs', 1, '2024-04-29 16:17:54'),
(395, '/logs/pageLogs', 1, '2024-04-29 16:17:56'),
(396, '/logs/visitLogs', 1, '2024-04-29 16:17:57'),
(397, '/logs/pageLogs', 1, '2024-04-29 16:17:58'),
(398, '/logs/userLogs', 1, '2024-04-29 16:17:58'),
(399, '/auth/logout', 1, '2024-04-29 16:18:10'),
(400, '/', NULL, '2024-04-29 16:18:10'),
(401, '/auth/login', NULL, '2024-04-29 16:18:13'),
(402, '/auth/login', NULL, '2024-04-29 16:18:18'),
(403, '/', 5, '2024-04-29 16:18:18'),
(404, '/logs/visitLogs', 5, '2024-04-29 16:18:20'),
(405, '/logs/userLogs', 5, '2024-04-29 16:18:22'),
(406, '/logs/pageLogs', 5, '2024-04-29 16:18:24'),
(407, '/logs/userLogs', 5, '2024-04-29 16:18:26'),
(408, '/logs/visitLogs', 5, '2024-04-29 16:19:07'),
(409, '/logs/pageLogs', 5, '2024-04-29 16:20:44'),
(410, '/', 5, '2024-04-29 16:20:44'),
(411, '/logs/visitLogs', 5, '2024-04-29 16:20:49'),
(412, '/logs/userLogs', 5, '2024-04-29 16:20:50'),
(413, '/', 5, '2024-04-29 16:20:50'),
(414, '/logs/visitLogs', 5, '2024-04-29 16:20:51'),
(415, '/logs/visitLogs', 5, '2024-04-29 16:21:58'),
(416, '/auth/logout', 5, '2024-04-29 16:22:00'),
(417, '/', NULL, '2024-04-29 16:22:00'),
(418, '/auth/login', NULL, '2024-04-29 16:22:02'),
(419, '/auth/login', NULL, '2024-04-29 16:22:06'),
(420, '/', 1, '2024-04-29 16:22:06'),
(421, '/logs/visitLogs', 1, '2024-04-29 16:22:08'),
(422, '/logs/pageLogs', 1, '2024-04-29 16:22:09'),
(423, '/logs/userLogs', 1, '2024-04-29 16:22:09'),
(424, '/logs/visitLogs', 1, '2024-04-29 16:22:10'),
(425, '/auth/logout', 1, '2024-04-29 16:22:13'),
(426, '/', NULL, '2024-04-29 16:22:13'),
(427, '/auth/login', NULL, '2024-04-29 16:22:14'),
(428, '/auth/login', NULL, '2024-04-29 16:22:18'),
(429, '/', 6, '2024-04-29 16:22:18'),
(430, '/logs/visitLogs', 6, '2024-04-29 16:22:20'),
(431, '/logs/visitLogs', 6, '2024-04-29 16:30:40'),
(432, '/logs/visitLogs', 6, '2024-04-29 16:31:36'),
(433, '/logs/visitLogs', 6, '2024-04-29 16:31:47'),
(434, '/logs/visitLogs', 6, '2024-04-29 16:31:57'),
(435, '/logs/visitLogs', 6, '2024-04-29 16:32:01'),
(436, '/logs/visitLogs', 6, '2024-04-29 16:32:02'),
(437, '/logs/visitLogs', 6, '2024-04-29 16:34:22'),
(438, '/logs/visitLogs', 6, '2024-04-29 16:34:44'),
(439, '/logs/visitLogs', 6, '2024-04-29 16:34:47'),
(440, '/logs/visitLogs', 6, '2024-04-29 16:34:48'),
(441, '/logs/visitLogs', 6, '2024-04-29 16:34:49'),
(442, '/logs/visitLogs', 6, '2024-04-29 16:34:52'),
(443, '/logs/visitLogs', 6, '2024-04-29 16:35:15'),
(444, '/logs/visitLogs', 6, '2024-04-29 16:37:30'),
(445, '/logs/visitLogs', 6, '2024-04-29 16:37:44'),
(446, '/logs/visitLogs', 6, '2024-04-29 16:38:05'),
(447, '/logs/visitLogs', 6, '2024-04-29 16:38:30'),
(448, '/logs/visitLogs', 6, '2024-04-29 16:38:34'),
(449, '/auth/logout', 6, '2024-04-29 16:38:36'),
(450, '/', NULL, '2024-04-29 16:38:36'),
(451, '/auth/login', NULL, '2024-04-29 16:38:37'),
(452, '/auth/login', NULL, '2024-04-29 16:38:41'),
(453, '/', 5, '2024-04-29 16:38:42'),
(454, '/logs/visitLogs', 5, '2024-04-29 16:38:43'),
(455, '/logs/visitLogs', 5, '2024-04-29 16:38:45'),
(456, '/auth/logout', 5, '2024-04-29 16:38:48'),
(457, '/', NULL, '2024-04-29 16:38:48'),
(458, '/auth/login', NULL, '2024-04-29 16:38:50'),
(459, '/auth/login', NULL, '2024-04-29 16:38:57'),
(460, '/', 1, '2024-04-29 16:38:57'),
(461, '/logs/visitLogs', 1, '2024-04-29 16:38:59'),
(462, '/logs/pageLogs', 1, '2024-04-29 16:39:00'),
(463, '/logs/visitLogs', 1, '2024-04-29 16:39:48'),
(464, '/logs/pageLogs', 1, '2024-04-29 16:39:49'),
(465, '/logs/pageLogs', 1, '2024-04-29 16:40:14'),
(466, '/logs/userLogs', 1, '2024-04-29 16:40:16'),
(467, '/logs/pageLogs', 1, '2024-04-29 16:40:25'),
(468, '/logs/pageLogs', 1, '2024-04-29 16:40:28'),
(469, '/logs/pageLogs', 1, '2024-04-29 16:40:29'),
(470, '/logs/pageLogs', 1, '2024-04-29 16:40:43'),
(471, '/logs/pageLogs', 1, '2024-04-29 16:41:11'),
(472, '/logs/pageLogs', 1, '2024-04-29 16:41:13'),
(473, '/logs/userLogs', 1, '2024-04-29 16:41:14'),
(474, '/logs/userLogs', 1, '2024-04-29 16:42:14'),
(475, '/logs/pageLogs', 1, '2024-04-29 16:42:17'),
(476, '/logs/visitLogs', 1, '2024-04-29 16:42:19'),
(477, '/logs/visitLogs', 1, '2024-04-29 16:42:22'),
(478, '/logs/pageLogs', 1, '2024-04-29 16:42:25'),
(479, '/logs/pageLogs', 1, '2024-04-29 16:42:28'),
(480, '/logs/userLogs', 1, '2024-04-29 16:42:29'),
(481, '/logs/userLogs', 1, '2024-04-29 16:43:08'),
(482, '/logs/pageLogs', 1, '2024-04-29 16:43:10'),
(483, '/logs/visitLogs', 1, '2024-04-29 16:43:11'),
(484, '/logs/visitLogs', 1, '2024-04-29 16:43:34'),
(485, '/logs/visitLogs', 1, '2024-04-29 16:43:35'),
(486, '/logs/visitLogs', 1, '2024-04-29 16:43:37'),
(487, '/logs/visitLogs', 1, '2024-04-29 16:43:38'),
(488, '/logs/pageLogs', 1, '2024-04-29 16:43:44'),
(489, '/logs/pageLogs', 1, '2024-04-29 16:43:48'),
(490, '/logs/pageLogs', 1, '2024-04-29 16:43:49'),
(491, '/logs/userLogs', 1, '2024-04-29 16:43:50'),
(492, '/createUser', 1, '2024-04-29 16:43:58'),
(493, '/', 1, '2024-04-29 16:43:59'),
(494, '/auth/logout', 1, '2024-04-29 16:44:03'),
(495, '/', NULL, '2024-04-29 16:44:03'),
(496, '/auth/login', NULL, '2024-04-29 16:44:05'),
(497, '/auth/login', NULL, '2024-04-29 16:44:10'),
(498, '/', 5, '2024-04-29 16:44:10'),
(499, '/showUser/5', 5, '2024-04-29 16:44:13'),
(500, '/', 5, '2024-04-29 16:44:14'),
(501, '/editUser/5', 5, '2024-04-29 16:44:15'),
(502, '/', 5, '2024-04-29 16:44:17'),
(503, '/auth/logout', 5, '2024-04-29 16:44:17'),
(504, '/', NULL, '2024-04-29 16:44:17'),
(505, '/auth/login', NULL, '2024-04-29 16:44:19'),
(506, '/auth/login', NULL, '2024-04-29 16:44:22'),
(507, '/', 1, '2024-04-29 16:44:22'),
(508, '/editUser/5', 1, '2024-04-29 16:44:24'),
(509, '/', 1, '2024-04-29 16:44:26'),
(510, '/editUser/1', 1, '2024-04-29 16:44:27'),
(511, '/', 1, '2024-04-29 16:44:29'),
(512, '/editUser/6', 1, '2024-04-29 16:44:32'),
(513, '/', 1, '2024-04-29 16:44:34'),
(514, '/auth/logout', 1, '2024-04-29 16:44:35'),
(515, '/', NULL, '2024-04-29 16:44:35'),
(516, '/auth/login', NULL, '2024-04-29 16:44:36'),
(517, '/auth/login', NULL, '2024-04-29 16:44:40'),
(518, '/', 6, '2024-04-29 16:44:40'),
(519, '/editUser/6', 6, '2024-04-29 16:44:42'),
(520, '/editUser/5', 6, '2024-04-29 16:44:45'),
(521, '/', 6, '2024-04-29 16:44:45'),
(522, '/logs/visitLogs', 6, '2024-04-29 16:44:49'),
(523, '/logs/visitLogs', 6, '2024-04-29 16:44:53'),
(524, '/logs/visitLogs', 6, '2024-04-29 16:44:56'),
(525, '/auth/logout', 6, '2024-04-29 16:45:01'),
(526, '/', NULL, '2024-04-29 16:45:01'),
(527, '/auth/login', NULL, '2024-04-29 16:45:02'),
(528, '/auth/login', NULL, '2024-04-29 16:45:05'),
(529, '/', 5, '2024-04-29 16:45:05'),
(530, '/logs/visitLogs', 5, '2024-04-29 16:45:06'),
(531, '/logs/visitLogs', 5, '2024-04-29 16:45:16'),
(532, '/logs/userLogs', 5, '2024-04-29 16:45:20'),
(533, '/', 5, '2024-04-29 16:45:20'),
(534, '/logs/visitLogs', 5, '2024-04-29 16:45:24'),
(535, '/auth/logout', 5, '2024-04-29 16:45:26'),
(536, '/', NULL, '2024-04-29 16:45:26'),
(537, '/auth/login', NULL, '2024-04-29 16:45:27'),
(538, '/auth/login', NULL, '2024-04-29 16:45:34'),
(539, '/', 1, '2024-04-29 16:45:34'),
(540, '/auth/logout', 1, '2024-04-29 16:45:36'),
(541, '/', NULL, '2024-04-29 16:45:36'),
(542, '/auth/login', NULL, '2024-04-29 16:45:37'),
(543, '/auth/login', NULL, '2024-04-29 16:45:45'),
(544, '/', 1, '2024-04-29 16:45:45'),
(545, '/logs/visitLogs', 1, '2024-04-29 16:45:47'),
(546, '/logs/pageLogs', 1, '2024-04-29 16:45:49'),
(547, '/logs/pageLogs', 1, '2024-04-29 16:45:55'),
(548, '/logs/pageLogs', 1, '2024-04-29 16:45:56'),
(549, '/logs/userLogs', 1, '2024-04-29 16:45:57'),
(550, '/logs/pageLogs', 1, '2024-04-29 16:46:00'),
(551, '/logs/visitLogs', 1, '2024-04-29 16:46:00'),
(552, '/logs/pageLogs', 1, '2024-04-29 16:46:01'),
(553, '/logs/pageLogs', 1, '2024-04-29 16:46:03'),
(554, '/', 1, '2024-04-29 16:46:08'),
(555, '/showUser/6', 1, '2024-04-29 16:46:10'),
(556, '/logs/visitLogs', 1, '2024-04-29 16:46:13'),
(557, '/logs/pageLogs', 1, '2024-04-29 16:46:15'),
(558, '/logs/pageLogs', 1, '2024-04-29 16:46:20'),
(559, '/', 1, '2024-04-29 16:46:25'),
(560, '/logs/visitLogs', 1, '2024-04-29 16:46:31'),
(561, '/logs/pageLogs', 1, '2024-04-29 16:46:32'),
(562, '/logs/userLogs', 1, '2024-04-29 16:46:33'),
(563, '/logs/visitLogs', 1, '2024-04-29 16:48:49'),
(564, '/logs/visitLogs', 1, '2024-04-29 16:49:06'),
(565, '/logs/visitLogs', 1, '2024-04-29 16:49:13'),
(566, '/logs/visitLogs', 1, '2024-04-29 16:49:30'),
(567, '/logs/pageLogs', 1, '2024-04-29 16:49:33'),
(568, '/logs/visitLogs', 1, '2024-04-29 16:49:34'),
(569, '/logs/visitLogs', 1, '2024-04-29 16:49:39'),
(570, '/logs/visitLogs', 1, '2024-04-29 16:49:44'),
(571, '/logs/visitLogs', 1, '2024-04-29 16:50:13'),
(572, '/logs/visitLogs', 1, '2024-04-29 16:51:09'),
(573, '/logs/visitLogs', 1, '2024-04-29 16:51:12'),
(574, '/logs/visitLogs', 1, '2024-04-29 16:51:24'),
(575, '/logs/visitLogs', 1, '2024-04-29 16:51:44'),
(576, '/logs/visitLogs', 1, '2024-04-29 16:52:03'),
(577, '/logs/visitLogs', 1, '2024-04-29 16:52:33'),
(578, '/logs/visitLogs', 1, '2024-04-29 16:52:36'),
(579, '/logs/visitLogs', 1, '2024-04-29 16:52:37'),
(580, '/logs/pageLogs', 1, '2024-04-29 16:56:46'),
(581, '/logs/visitLogs', 1, '2024-04-29 16:56:47'),
(582, '/logs/visitLogs', 1, '2024-04-29 16:57:20'),
(583, '/logs/pageLogs', 1, '2024-04-29 16:57:22'),
(584, '/logs/userLogs', 1, '2024-04-29 16:57:23'),
(585, '/logs/visitLogs', 1, '2024-04-29 16:57:24'),
(586, '/logs/pageLogs', 1, '2024-04-29 16:59:24'),
(587, '/logs/userLogs', 1, '2024-04-29 16:59:25'),
(588, '/logs/userLogs', 1, '2024-04-29 16:59:38'),
(589, '/logs/pageLogs', 1, '2024-04-29 16:59:39'),
(590, '/logs/visitLogs', 1, '2024-04-29 16:59:40'),
(591, '/logs/visitLogs', 1, '2024-04-29 16:59:51'),
(592, '/logs/visitLogs', 1, '2024-04-29 16:59:52'),
(593, '/logs/visitLogs', 1, '2024-04-29 16:59:53'),
(594, '/logs/visitLogs', 1, '2024-04-29 16:59:54'),
(595, '/logs/visitLogs', 1, '2024-04-29 16:59:57'),
(596, '/logs/visitLogs', 1, '2024-04-29 16:59:59'),
(597, '/logs/visitLogs', 1, '2024-04-29 17:00:02'),
(598, '/logs/visitLogs', 1, '2024-04-29 17:00:09'),
(599, '/logs/visitLogs', 1, '2024-04-29 17:00:11'),
(600, '/logs/visitLogs', 1, '2024-04-29 17:00:12'),
(601, '/logs/visitLogs', 1, '2024-04-29 17:00:13'),
(602, '/logs/visitLogs', 1, '2024-04-29 17:00:22'),
(603, '/logs/visitLogs', 1, '2024-04-29 17:00:24'),
(604, '/logs/visitLogs', 1, '2024-04-29 17:00:28'),
(605, '/logs/visitLogs', 1, '2024-04-29 17:01:06'),
(606, '/logs/userLogs', 1, '2024-04-29 17:01:20'),
(607, '/logs/pageLogs', 1, '2024-04-29 17:01:20'),
(608, '/logs/visitLogs', 1, '2024-04-29 17:01:31'),
(610, '/logs/visitLogs', 1, '2024-04-29 17:01:51'),
(611, '/logs/pageLogs', 1, '2024-04-29 17:01:58'),
(612, '/logs/pageLogs', 1, '2024-04-29 17:02:18'),
(613, '/logs/visitLogs', 1, '2024-04-29 17:02:19'),
(614, '/logs/visitLogs', 1, '2024-04-29 17:03:04'),
(615, '/logs/visitLogs', 1, '2024-04-29 17:03:14'),
(616, '/logs/saveToCSV', 1, '2024-04-29 17:03:18'),
(617, '/logs/visitLogs', 1, '2024-04-29 17:03:25'),
(618, '/', 1, '2024-04-29 17:03:29'),
(619, '/logs/visitLogs', 1, '2024-04-29 17:03:31'),
(620, '/logs/pageLogs', 1, '2024-04-29 17:06:50'),
(621, '/logs/userLogs', 1, '2024-04-29 17:06:59'),
(622, '/logs/visitLogs', 1, '2024-04-29 17:07:06'),
(623, '/logs/visitLogs', 1, '2024-04-29 17:11:08'),
(624, '/logs/visitLogs', 1, '2024-04-29 17:14:57'),
(625, '/logs/visitLogs', 1, '2024-04-29 17:19:06'),
(626, '/logs/saveToCSV', 1, '2024-04-29 17:19:08'),
(627, '/logs/visitLogs', 1, '2024-04-29 17:21:35'),
(628, '/logs/saveToCSV', 1, '2024-04-29 17:21:36'),
(629, '/logs/visitLogs', 1, '2024-04-29 17:21:51'),
(630, '/logs/visitLogs', 1, '2024-04-29 17:22:47'),
(631, '/logs/visitLogs', 1, '2024-04-29 17:23:13'),
(632, '/logs/saveToCSV', 1, '2024-04-29 17:23:15'),
(633, '/logs/saveToCSV', 1, '2024-04-29 17:23:46'),
(634, '/logs/visitLogs', 1, '2024-04-29 17:23:50'),
(635, '/logs/saveToCSV', 1, '2024-04-29 17:23:52'),
(636, '/logs/visitLogs', 1, '2024-04-29 17:25:07'),
(637, '/logs/saveToCSV', 1, '2024-04-29 17:25:09'),
(638, '/logs/visitLogs', 1, '2024-04-29 17:26:16'),
(639, '/logs/saveToCSV', 1, '2024-04-29 17:26:18'),
(640, '/logs/visitLogs', 1, '2024-04-29 17:26:40'),
(641, '/logs/saveToCSV', 1, '2024-04-29 17:26:41'),
(642, '/logs/saveToCSV', 1, '2024-04-29 17:27:07'),
(643, '/logs/saveToCSV', 1, '2024-04-29 17:27:07'),
(644, '/logs/visitLogs', 1, '2024-04-29 17:27:47'),
(645, '/logs/saveToCSV', 1, '2024-04-29 17:27:50'),
(646, '/logs/visitLogs', 1, '2024-04-29 17:29:43'),
(647, '/logs/saveToCSV', 1, '2024-04-29 17:29:45'),
(648, '/logs/visitLogs', 1, '2024-04-29 17:31:00'),
(649, '/logs/saveToCSV', 1, '2024-04-29 17:31:02'),
(650, '/auth/logout', 1, '2024-04-29 17:31:16'),
(651, '/', NULL, '2024-04-29 17:31:16'),
(652, '/auth/login', NULL, '2024-04-29 17:31:18'),
(653, '/auth/login', NULL, '2024-04-29 17:31:21'),
(654, '/', 5, '2024-04-29 17:31:21'),
(655, '/logs/visitLogs', 5, '2024-04-29 17:31:23'),
(656, '/logs/saveToCSV', 5, '2024-04-29 17:31:25'),
(657, '/logs/saveToCSV', 5, '2024-04-29 17:31:35'),
(658, '/logs/visitLogs', 5, '2024-04-29 17:31:48'),
(659, '/logs/visitLogs', 5, '2024-04-29 17:32:17'),
(660, '/logs/visitLogs', 5, '2024-04-29 17:32:19'),
(661, '/logs/visitLogs', 5, '2024-04-29 17:32:23'),
(662, '/logs/visitLogs', 5, '2024-04-29 17:32:24'),
(663, '/logs/saveToCSV', 5, '2024-04-29 17:32:30'),
(664, '/logs/visitLogs', 5, '2024-04-29 17:33:45'),
(665, '/logs/saveToCSV', 5, '2024-04-29 17:33:48'),
(666, '/logs/visitLogs', 5, '2024-04-29 17:33:57'),
(667, '/logs/visitLogs', 5, '2024-04-29 17:33:58'),
(668, '/logs/visitLogs', 5, '2024-04-29 17:34:08'),
(669, '/logs/saveToCSV', 5, '2024-04-29 17:34:09'),
(670, '/logs/visitLogs', 5, '2024-04-29 17:35:45'),
(671, '/logs/saveToCSV', 5, '2024-04-29 17:35:48'),
(672, '/logs/visitLogs', 5, '2024-04-29 17:36:50'),
(673, '/logs/saveToCSV', 5, '2024-04-29 17:36:52'),
(674, '/logs/visitLogs', 5, '2024-04-29 17:36:59'),
(675, '/logs/saveToCSV', 5, '2024-04-29 17:37:01'),
(676, '/logs/saveToCSV', 5, '2024-04-29 17:37:09'),
(677, '/logs/visitLogs', 5, '2024-04-29 17:37:17'),
(678, '/logs/saveToCSV', 5, '2024-04-29 17:37:19'),
(679, '/auth/logout', 5, '2024-04-29 17:37:50'),
(680, '/', NULL, '2024-04-29 17:37:50'),
(681, '/auth/login', NULL, '2024-04-29 17:37:52'),
(682, '/auth/login', NULL, '2024-04-29 17:37:56'),
(683, '/', 1, '2024-04-29 17:37:56'),
(684, '/logs/visitLogs', 1, '2024-04-29 17:37:58'),
(685, '/logs/saveToCSV', 1, '2024-04-29 17:38:02'),
(686, '/logs/pageLogs', 1, '2024-04-29 17:39:00'),
(687, '/logs/saveToCSV', 1, '2024-04-29 17:39:02'),
(688, '/logs/visitLogs', 1, '2024-04-29 17:39:47'),
(689, '/logs/saveToCSV', 1, '2024-04-29 17:39:49'),
(690, '/logs/pageLogs', 1, '2024-04-29 17:40:12'),
(691, '/logs/visitLogs', 1, '2024-04-29 17:40:29'),
(692, '/logs/saveToCSV', 1, '2024-04-29 17:40:32'),
(693, '/', 1, '2024-04-29 17:42:23'),
(694, '/logs/visitLogs', 1, '2024-04-29 17:42:25'),
(695, '/logs/userLogs', 1, '2024-04-29 17:42:26'),
(696, '/logs/saveToCSV', 1, '2024-04-29 17:42:29'),
(697, '/logs/pageLogs', 1, '2024-04-29 17:42:39'),
(698, '/logs/saveToCSV', 1, '2024-04-29 17:42:40'),
(699, '/logs/saveToCSV', 1, '2024-04-29 17:42:55'),
(700, '/logs/saveToCSV', 1, '2024-04-29 17:43:02'),
(701, '/logs/pageLogs', 1, '2024-04-29 17:43:07'),
(702, '/logs/userLogs', 1, '2024-04-29 17:43:10'),
(703, '/logs/saveToCSV', 1, '2024-04-29 17:43:12'),
(704, '/logs/saveToCSV', 1, '2024-04-29 17:43:18'),
(705, '/logs/pageLogs', 1, '2024-04-29 17:43:42'),
(706, '/auth/logout', 1, '2024-04-29 17:45:41'),
(707, '/', NULL, '2024-04-29 17:45:41'),
(708, '/favicon.ico', NULL, '2024-04-29 17:45:41'),
(709, '/auth/login', NULL, '2024-04-29 17:45:42'),
(710, '/auth/login', NULL, '2024-04-29 17:45:46'),
(711, '/', 5, '2024-04-29 17:45:46'),
(712, '/logs/visitLogs', 5, '2024-04-29 17:45:48'),
(713, '/logs/pageLogs', 5, '2024-04-29 17:45:49'),
(714, '/logs/userLogs', 5, '2024-04-29 17:45:51'),
(715, '/logs/pageLogs', 5, '2024-04-29 17:45:52'),
(716, '/logs/visitLogs', 5, '2024-04-29 17:45:52'),
(717, '/logs/pageLogs', 5, '2024-04-29 17:45:56'),
(718, '/logs/pageLogs', 5, '2024-04-29 17:48:06'),
(719, '/', 5, '2024-04-29 17:48:11'),
(720, '/logs/visitLogs', 5, '2024-04-29 17:48:12'),
(721, '/logs/pageLogs', 5, '2024-04-29 17:48:14'),
(722, '/logs/userLogs', 5, '2024-04-29 17:48:15'),
(723, '/logs/pageLogs', 5, '2024-04-29 17:48:17'),
(724, '/logs/pageLogs', 5, '2024-04-29 17:49:23'),
(725, '/logs/pageLogs', 5, '2024-04-29 17:49:27'),
(726, '/logs/pageLogs', 5, '2024-04-29 17:53:17'),
(727, '/logs/pageLogs', 5, '2024-04-29 17:54:20'),
(728, '/logs/pageLogs', 5, '2024-04-29 17:54:34'),
(729, '/logs/pageLogs', 5, '2024-04-29 17:57:02'),
(730, '/logs/pageLogs', 5, '2024-04-29 17:57:58'),
(731, '/logs/pageLogs', 5, '2024-04-29 18:01:25'),
(732, '/logs/pageLogs', 5, '2024-04-29 18:01:31'),
(733, '/logs/pageLogs', 5, '2024-04-29 18:01:32'),
(734, '/logs/pageLogs', 5, '2024-04-29 18:01:36'),
(735, '/auth/logout', 5, '2024-04-29 18:01:37'),
(736, '/', NULL, '2024-04-29 18:01:37'),
(737, '/auth/login', NULL, '2024-04-29 18:01:38'),
(738, '/auth/login', NULL, '2024-04-29 18:01:44'),
(739, '/', 6, '2024-04-29 18:01:44'),
(740, '/', 6, '2024-04-29 18:01:45'),
(741, '/logs/visitLogs', 6, '2024-04-29 18:01:46'),
(742, '/logs/pageLogs', 6, '2024-04-29 18:01:47'),
(743, '/logs/pageLogs', 6, '2024-04-29 18:01:51'),
(744, '/logs/pageLogs', 6, '2024-04-29 18:01:53'),
(745, '/logs/pageLogs', 6, '2024-04-29 18:01:55'),
(746, '/logs/pageLogs', 6, '2024-04-29 18:01:56'),
(747, '/logs/pageLogs', 6, '2024-04-29 18:01:58'),
(748, '/logs/pageLogs', 6, '2024-04-29 18:02:00'),
(749, '/auth/logout', 6, '2024-04-29 18:02:03'),
(750, '/', NULL, '2024-04-29 18:02:03'),
(751, '/auth/login', NULL, '2024-04-29 18:02:04'),
(752, '/auth/login', NULL, '2024-04-29 18:02:08'),
(753, '/', 1, '2024-04-29 18:02:08'),
(754, '/logs/visitLogs', 1, '2024-04-29 18:02:09'),
(755, '/logs/pageLogs', 1, '2024-04-29 18:02:10'),
(756, '/logs/pageLogs', 1, '2024-04-29 18:02:30'),
(757, '/logs/pageLogs', 1, '2024-04-29 18:02:33'),
(758, '/logs/pageLogs', 1, '2024-04-29 18:02:35'),
(759, '/auth/logout', 1, '2024-04-29 18:02:36'),
(760, '/', NULL, '2024-04-29 18:02:36'),
(761, '/auth/login', NULL, '2024-04-29 18:02:38'),
(762, '/auth/login', NULL, '2024-04-29 18:02:41'),
(763, '/', 5, '2024-04-29 18:02:41'),
(764, '/logs/visitLogs', 5, '2024-04-29 18:02:42'),
(765, '/logs/pageLogs', 5, '2024-04-29 18:02:43'),
(766, '/logs/visitLogs', 5, '2024-04-29 18:02:45'),
(767, '/logs/visitLogs', 5, '2024-04-29 18:02:49'),
(768, '/logs/pageLogs', 5, '2024-04-29 18:02:54'),
(769, '/logs/userLogs', 5, '2024-04-29 18:02:57'),
(770, '/logs/pageLogs', 5, '2024-04-29 18:03:57'),
(771, '/logs/userLogs', 5, '2024-04-29 18:03:58'),
(772, '/logs/userLogs', 5, '2024-04-29 18:04:03'),
(773, '/logs/saveToCSV', 5, '2024-04-29 18:04:06'),
(774, '/logs/pageLogs', 5, '2024-04-29 18:04:10'),
(775, '/logs/saveToCSV', 5, '2024-04-29 18:04:12'),
(776, '/logs/pageLogs', 5, '2024-04-29 18:07:54'),
(777, '/logs/saveToCSV', 5, '2024-04-29 18:07:57'),
(778, '/logs/saveToCSV', 5, '2024-04-29 18:09:05'),
(779, '/logs/saveToCSV', 5, '2024-04-29 18:09:31'),
(780, '/logs/pageLogs', 5, '2024-04-29 18:09:35'),
(781, '/logs/saveToCSV', 5, '2024-04-29 18:09:36'),
(782, '/logs/saveToCSV', 5, '2024-04-29 18:09:44'),
(783, '/logs/userLogs', 5, '2024-04-29 18:09:51'),
(784, '/logs/saveToCSV', 5, '2024-04-29 18:09:52'),
(785, '/logs/visitLogs', 5, '2024-04-29 18:09:57'),
(786, '/logs/saveToCSV', 5, '2024-04-29 18:09:58'),
(787, '/auth/logout', 5, '2024-04-29 18:10:10'),
(788, '/', NULL, '2024-04-29 18:10:10'),
(789, '/auth/login', NULL, '2024-04-29 18:10:11'),
(790, '/auth/login', NULL, '2024-04-29 18:10:13'),
(791, '/auth/login', NULL, '2024-04-29 18:10:18'),
(792, '/', 1, '2024-04-29 18:10:18'),
(793, '/logs/visitLogs', 1, '2024-04-29 18:10:20'),
(794, '/logs/saveToCSV', 1, '2024-04-29 18:10:24'),
(795, '/logs/pageLogs', 1, '2024-04-29 18:10:29'),
(796, '/logs/saveToCSV', 1, '2024-04-29 18:10:31'),
(797, '/logs/userLogs', 1, '2024-04-29 18:10:37'),
(798, '/logs/saveToCSV', 1, '2024-04-29 18:10:38');

--
-- Индексы сохранённых таблиц
--

--
-- Индексы таблицы `roles`
--
ALTER TABLE `roles`
  ADD PRIMARY KEY (`id`);

--
-- Индексы таблицы `users`
--
ALTER TABLE `users`
  ADD PRIMARY KEY (`id`),
  ADD UNIQUE KEY `login` (`login`),
  ADD KEY `users` (`role_id`);

--
-- Индексы таблицы `visit_logs`
--
ALTER TABLE `visit_logs`
  ADD PRIMARY KEY (`id`),
  ADD KEY `user_id` (`user_id`);

--
-- AUTO_INCREMENT для сохранённых таблиц
--

--
-- AUTO_INCREMENT для таблицы `roles`
--
ALTER TABLE `roles`
  MODIFY `id` int(11) NOT NULL AUTO_INCREMENT, AUTO_INCREMENT=5;

--
-- AUTO_INCREMENT для таблицы `users`
--
ALTER TABLE `users`
  MODIFY `id` int(11) NOT NULL AUTO_INCREMENT, AUTO_INCREMENT=8;

--
-- AUTO_INCREMENT для таблицы `visit_logs`
--
ALTER TABLE `visit_logs`
  MODIFY `id` int(11) NOT NULL AUTO_INCREMENT, AUTO_INCREMENT=799;

--
-- Ограничения внешнего ключа сохраненных таблиц
--

--
-- Ограничения внешнего ключа таблицы `users`
--
ALTER TABLE `users`
  ADD CONSTRAINT `users_ibfk_1` FOREIGN KEY (`role_id`) REFERENCES `roles` (`id`);

--
-- Ограничения внешнего ключа таблицы `visit_logs`
--
ALTER TABLE `visit_logs`
  ADD CONSTRAINT `visit_logs_ibfk_1` FOREIGN KEY (`user_id`) REFERENCES `users` (`id`);
COMMIT;

/*!40101 SET CHARACTER_SET_CLIENT=@OLD_CHARACTER_SET_CLIENT */;
/*!40101 SET CHARACTER_SET_RESULTS=@OLD_CHARACTER_SET_RESULTS */;
/*!40101 SET COLLATION_CONNECTION=@OLD_COLLATION_CONNECTION */;
